latitude_decimal_degree,longitude_decimal_degree,ellipsoidal_height_m,decimal_hour,day_of_year,year,rcvr_clk_ns
52.19676932222222,-117.25224203055556,2128.4765,22.36806,65,2019,430476.456
52.19676902222222,-117.25224158611111,2128.4602,22.36667,65,2019,435897.789
52.19676907777777,-117.25224164444444,2128.4664,22.36528,65,2019,441318.883
52.196769152777776,-117.25224163888889,2128.4392,22.36389,65,2019,446739.662
52.19676914166667,-117.25224168055556,2128.441,22.36250,65,2019,452160.298
52.196769016666664,-117.2522416638889,2128.433,22.36111,65,2019,457580.417
52.196769016666664,-117.2522417138889,2128.4441,22.35972,65,2019,463000.405
52.19676901111111,-117.2522415722222,2128.4235,22.35833,65,2019,468419.900
52.1967690611111,-117.25224148333334,2128.436,22.35694,65,2019,473838.898
52.196768988888884,-117.2522417,2128.4415,22.35556,65,2019,479257.631
52.19676900277777,-117.25224154722224,2128.4337,22.35417,65,2019,484675.986
52.196769080555555,-117.25224164444444,2128.4458,22.35278,65,2019,490094.205
52.196769130555545,-117.25224148055554,2128.4452,22.35139,65,2019,495511.882
52.19676911111111,-117.25224173055555,2128.4308,22.35000,65,2019,-499072.214
52.196769158333325,-117.25224161111112,2128.4415,22.34861,65,2019,-493655.705
52.19676929444444,-117.2522415638889,2128.4167,22.34722,65,2019,-488239.987
52.1967692361111,-117.25224177777777,2128.4035,22.34583,65,2019,-482824.828
52.196769238888876,-117.25224169444446,2128.426,22.34444,65,2019,-477410.067
52.196769149999994,-117.25224163611111,2128.4288,22.34306,65,2019,-471995.936
52.19676918055555,-117.2522417138889,2128.4162,22.34167,65,2019,-466582.265
52.19676912777777,-117.25224155555554,2128.4405,22.34028,65,2019,-461169.173
52.19676920833333,-117.25224166944443,2128.448,22.33889,65,2019,-455756.890
52.196769105555546,-117.252241575,2128.4309,22.33750,65,2019,-450345.418
52.19676917222221,-117.2522417638889,2128.4604,22.33611,65,2019,-444934.826
52.19676916944443,-117.2522417,2128.443,22.33472,65,2019,-439525.210
52.19676920833333,-117.2522416861111,2128.4218,22.33333,65,2019,-434116.153
52.19676929444444,-117.25224163055556,2128.4136,22.33194,65,2019,-428708.026
52.19676929444444,-117.25224153611111,2128.3952,22.33056,65,2019,-423301.257
52.19676916388888,-117.25224117222223,2128.4115,22.32917,65,2019,-417896.237
52.19676899999998,-117.25224125277778,2128.3888,22.32778,65,2019,-412493.614
52.19676904999999,-117.2522411,2128.3961,22.32639,65,2019,-407093.315
52.19676901111111,-117.25224117500002,2128.39,22.32500,65,2019,-401695.928
52.196768988888884,-117.25224131944445,2128.4039,22.32361,65,2019,-396301.947
52.19676903055555,-117.25224131944445,2128.3794,22.32222,65,2019,-390912.076
52.19676911666667,-117.25224125277778,2128.4006,22.32083,65,2019,-385526.095
52.196769130555545,-117.25224124722222,2128.3952,22.31944,65,2019,-380142.223
52.19676918888889,-117.25224126111111,2128.3866,22.31806,65,2019,-374754.015
52.19678267222222,-117.25226613611112,2128.4219,22.31667,65,2019,-369356.727
52.19681326388888,-117.25231165000001,2128.5286,22.31528,65,2019,-363954.166
52.19683351666666,-117.25236266111109,2128.723,22.31389,65,2019,-358549.597
52.19685112777777,-117.25243790555555,2129.0607,22.31250,65,2019,-353144.863
52.19685092222222,-117.25252648333333,2129.5143,22.31111,65,2019,-347739.827
52.196835866666646,-117.25261431111112,2130.089,22.30972,65,2019,-342333.961
52.19681254166665,-117.25268006388889,2130.4688,22.30833,65,2019,-336930.303
52.196784652777765,-117.25274378888889,2130.7935,22.30694,65,2019,-331526.499
52.19675937222221,-117.252800725,2131.0571,22.30556,65,2019,-326123.527
52.19674170555555,-117.25284537777777,2131.2875,22.30417,65,2019,-320720.164
52.19671780833333,-117.25289109722222,2131.4577,22.30278,65,2019,-315319.519
52.196701794444444,-117.2529219222222,2131.5738,22.30139,65,2019,-309923.289
52.19667005555554,-117.25297388888889,2131.8344,22.30000,65,2019,-304529.518
52.19663394722221,-117.25302950555556,2132.1908,22.29861,65,2019,-299130.717
52.19659679166666,-117.25309325833335,2132.4651,22.29722,65,2019,-293729.671
52.19657059999999,-117.25314139166667,2132.6893,22.29583,65,2019,-288331.600
52.19654001111112,-117.25319860277777,2133.0433,22.29444,65,2019,-282937.480
52.19649985277778,-117.25327379444445,2133.4104,22.29306,65,2019,-277550.094
52.19645929722222,-117.25333783333335,2133.751,22.29167,65,2019,-272165.463
52.19642230833333,-117.25340455,2134.1632,22.29028,65,2019,-266784.021
52.19638843888889,-117.25345618611111,2134.3588,22.28889,65,2019,-261409.069
52.19635442499999,-117.253522575,2134.7696,22.28750,65,2019,-256033.059
52.19632449722222,-117.25357178611112,2134.9679,22.28611,65,2019,-250658.978
52.19628789999999,-117.25363139444445,2135.1954,22.28472,65,2019,-245288.949
52.196249736111106,-117.25369673611111,2135.5028,22.28333,65,2019,-239922.979
52.19621235277776,-117.25375523333334,2135.6789,22.28194,65,2019,-234563.294
52.196166049999995,-117.25381029722222,2135.9989,22.28056,65,2019,-229206.783
52.19612106666666,-117.25385083888891,2135.9893,22.27917,65,2019,-223854.323
52.196069761111104,-117.2538896361111,2136.1313,22.27778,65,2019,-218506.437
52.19601365,-117.25391427777778,2136.1408,22.27639,65,2019,-213160.793
52.19595789444443,-117.25392154444444,2136.2384,22.27500,65,2019,-207816.030
52.19590709444443,-117.25390607222224,2136.0017,22.27361,65,2019,-202472.774
52.19586344722222,-117.25385815000003,2135.7963,22.27222,65,2019,-197132.291
52.19583311388889,-117.25380669166667,2135.671,22.27083,65,2019,-191792.654
52.1958135361111,-117.25376048055556,2135.5107,22.26944,65,2019,-186454.873
52.19579953333333,-117.25372445833334,2135.5058,22.26806,65,2019,-181116.922
52.195781105555554,-117.25367749444445,2135.4407,22.26667,65,2019,-175778.957
52.195768036111104,-117.25364108055557,2135.4346,22.26528,65,2019,-170440.809
52.19575568055555,-117.25360731666665,2135.2928,22.26389,65,2019,-165101.867
52.19574552222222,-117.25357916111108,2135.1978,22.26250,65,2019,-159763.123
52.19573895833333,-117.25355951666666,2135.1097,22.26111,65,2019,-154425.561
52.19573388055555,-117.2535438472222,2135.0913,22.25972,65,2019,-149091.099
52.19572114999999,-117.25350939444446,2135.1179,22.25833,65,2019,-143757.629
52.19570182777777,-117.25345817777776,2135.2169,22.25694,65,2019,-138422.398
52.1956824111111,-117.25340428333334,2135.0661,22.25556,65,2019,-133086.938
52.195660094444435,-117.25334669444442,2134.9991,22.25417,65,2019,-127753.877
52.195638355555545,-117.25328939722222,2135.0431,22.25278,65,2019,-122422.560
52.195617619444434,-117.25323358888888,2134.9063,22.25139,65,2019,-117094.764
52.19559661388888,-117.25318010555556,2134.7361,22.25000,65,2019,-111767.226
52.19557152222221,-117.25310880833332,2134.8821,22.24861,65,2019,-106433.885
52.1955486111111,-117.25304873055556,2134.7371,22.24722,65,2019,-101098.579
52.195527094444444,-117.25298997777777,2134.6204,22.24583,65,2019,-95765.203
52.19550474999999,-117.25292741111113,2134.5669,22.24444,65,2019,-90433.473
52.195482791666656,-117.25286058888891,2134.5241,22.24306,65,2019,-85103.416
52.195458305555555,-117.25279565555553,2134.5829,22.24167,65,2019,-79773.887
52.19543487777777,-117.252733875,2134.5296,22.24028,65,2019,-74451.069
52.19540970277777,-117.25267314722223,2134.6276,22.23889,65,2019,-69135.133
52.1953827,-117.25261580833335,2134.6001,22.23750,65,2019,-63820.396
52.19535920277776,-117.25255651944444,2134.529,22.23611,65,2019,-58507.562
52.19532871111111,-117.25249758888889,2134.4303,22.23472,65,2019,-53193.496
52.19530488888888,-117.25243856388887,2134.4333,22.23333,65,2019,-47881.867
52.19527832499999,-117.25237624444445,2134.403,22.23194,65,2019,-42571.189
52.19525344999999,-117.25231266944446,2134.3336,22.23056,65,2019,-37261.394
52.195228777777764,-117.25225097777776,2134.2468,22.22917,65,2019,-31952.759
52.195203994444434,-117.25218834166667,2134.3048,22.22778,65,2019,-26644.327
52.19518065555555,-117.252124275,2134.2065,22.22639,65,2019,-21337.420
52.19515742777777,-117.2520642111111,2134.1428,22.22500,65,2019,-16032.176
52.19513441666666,-117.25200521666666,2134.0704,22.22361,65,2019,-10726.978
52.19511035833334,-117.25194139166666,2134.0852,22.22222,65,2019,-5421.796
52.19508776666666,-117.25187899444445,2134.0799,22.22083,65,2019,-118.420
52.195064091666666,-117.25181646666667,2133.8505,22.21944,65,2019,5185.602
52.195040888888876,-117.25175514166666,2133.5701,22.21806,65,2019,10489.705
52.195017944444444,-117.25169457777777,2133.349,22.21667,65,2019,15790.768
52.194996516666656,-117.25163457777779,2133.259,22.21528,65,2019,21088.395
52.19497286944443,-117.25157069722223,2133.1973,22.21389,65,2019,26384.256
52.19495006944444,-117.25151145555556,2133.2154,22.21250,65,2019,31679.758
52.19492877499999,-117.25145054444445,2133.1134,22.21111,65,2019,36973.526
52.194905791666656,-117.25139262500001,2132.9883,22.20972,65,2019,42267.755
52.194882966666654,-117.25133109166667,2132.8454,22.20833,65,2019,47562.592
52.19486055555555,-117.25127090277778,2132.8006,22.20694,65,2019,52856.663
52.19483876944443,-117.25120983055555,2132.6132,22.20556,65,2019,58150.462
52.194818572222225,-117.25115394444447,2132.4652,22.20417,65,2019,63445.770
52.19479724166666,-117.25109534999999,2132.2975,22.20278,65,2019,68740.469
52.19477688611111,-117.25103669166666,2132.1417,22.20139,65,2019,74033.317
52.19475591944443,-117.25097338888891,2132.1536,22.20000,65,2019,79324.527
52.19473376111111,-117.25091164444444,2131.9309,22.19861,65,2019,84611.667
52.1947134361111,-117.2508507611111,2131.8445,22.19722,65,2019,89894.700
52.19469182777777,-117.25079379166667,2131.5498,22.19583,65,2019,95173.098
52.19466768055555,-117.25073566111111,2131.4762,22.19444,65,2019,100451.707
52.19464510833333,-117.25067768611113,2131.3961,22.19306,65,2019,105730.245
52.19462186666666,-117.25062036944443,2131.3947,22.19167,65,2019,111011.509
52.194599641666656,-117.2505634861111,2131.2963,22.19028,65,2019,116295.212
52.194578241666655,-117.25050434722222,2131.2092,22.18889,65,2019,121577.394
52.194555080555546,-117.250446375,2131.1877,22.18750,65,2019,126859.130
52.19453210833333,-117.250383475,2131.1497,22.18611,65,2019,132141.589
52.19450958611111,-117.25032141666668,2131.0354,22.18472,65,2019,137423.201
52.19448641666666,-117.25026322222222,2130.9985,22.18333,65,2019,142705.315
52.19446243055555,-117.25020308055555,2130.9685,22.18194,65,2019,147988.645
52.19444182777777,-117.25013983888888,2130.9254,22.18056,65,2019,153272.497
52.19442159999999,-117.25007726111112,2130.7325,22.17917,65,2019,158554.859
52.19440014722222,-117.25000825,2130.8155,22.17778,65,2019,163832.455
52.194382444444436,-117.24994672777777,2130.5528,22.17639,65,2019,169103.608
52.19435916944444,-117.24988454166667,2130.5857,22.17500,65,2019,174378.471
52.19434001666667,-117.24982635000003,2130.4742,22.17361,65,2019,179657.727
52.19432496388889,-117.24975938611111,2130.4364,22.17222,65,2019,184933.706
52.19430791388888,-117.24969636666667,2130.191,22.17083,65,2019,190202.662
52.194288897222215,-117.2496367,2130.2698,22.16944,65,2019,195472.485
52.194272844444434,-117.24957484999997,2130.1117,22.16806,65,2019,200738.231
52.19425720277777,-117.2495093111111,2130.0234,22.16667,65,2019,206002.971
52.19424073888889,-117.249443125,2129.9994,22.16528,65,2019,211270.559
52.194226880555554,-117.24938379722224,2129.8926,22.16389,65,2019,216538.390
52.19421318333334,-117.24932971944445,2129.7304,22.16250,65,2019,221810.035
52.194205419444444,-117.24929866666666,2129.5789,22.16111,65,2019,227081.548
52.19419383611111,-117.2492523361111,2129.4297,22.15972,65,2019,232351.568
52.19417966944443,-117.24919261944444,2129.9262,22.15833,65,2019,237621.964
52.19416331388888,-117.24912625277777,2129.4956,22.15694,65,2019,242893.450
52.19414620277778,-117.24906908888889,2129.2993,22.15556,65,2019,248164.382
52.194135697222215,-117.24899884444444,2129.282,22.15417,65,2019,253423.856
52.194119380555556,-117.24893681388892,2129.119,22.15278,65,2019,258676.501
52.194100586111105,-117.24887763888889,2128.8362,22.15139,65,2019,263926.200
52.19408600833333,-117.24882086388887,2128.6074,22.15000,65,2019,269174.828
52.19406681388889,-117.24875725000001,2128.7065,22.14861,65,2019,274426.619
52.19405516944444,-117.24869734722222,2128.7015,22.14722,65,2019,279680.681
52.19404494166667,-117.24864183333335,2128.416,22.14583,65,2019,284930.022
52.19403144166666,-117.24858552222223,2128.1978,22.14444,65,2019,290177.164
52.19402345833333,-117.24852458055555,2128.1478,22.14306,65,2019,295422.070
52.19400698055555,-117.24846115555556,2128.2617,22.14167,65,2019,300664.534
52.19399916944444,-117.24840601944442,2128.5669,22.14028,65,2019,305904.873
52.19398687499999,-117.24834853055555,2128.1802,22.13889,65,2019,311143.059
52.193975077777765,-117.24829494722222,2127.9838,22.13750,65,2019,316381.317
52.19396575833333,-117.24824772222222,2127.6938,22.13611,65,2019,321622.308
52.193957758333326,-117.24820260277778,2127.5454,22.13472,65,2019,326861.498
52.193948588888894,-117.24815117222224,2127.496,22.13333,65,2019,332103.558
52.193941986111106,-117.24809345833333,2127.1373,22.13194,65,2019,337344.147
52.19393251388888,-117.24802984722223,2127.0822,22.13056,65,2019,342582.955
52.193922625,-117.24798010833334,2126.857,22.12917,65,2019,347818.937
52.19391634722221,-117.24794019166669,2126.9077,22.12778,65,2019,353050.948
52.193902438888884,-117.24786736111112,2126.9244,22.12639,65,2019,358279.006
52.19389113333333,-117.24781420833334,2126.8589,22.12500,65,2019,363501.888
52.1938782861111,-117.24775436666667,2126.9373,22.12361,65,2019,368726.520
52.19386616388888,-117.24770243333333,2126.901,22.12222,65,2019,373951.349
52.19385468333333,-117.24764595555554,2126.8834,22.12083,65,2019,379174.207
52.19384324722222,-117.24759512222222,2126.8811,22.11944,65,2019,384396.871
52.19383041666666,-117.24754770555556,2126.7232,22.11806,65,2019,389620.302
52.19382267499999,-117.24750942777776,2126.5487,22.11667,65,2019,394840.831
52.19381498055555,-117.24745920833337,2126.3307,22.11528,65,2019,400056.219
52.19380339722221,-117.24740488333335,2126.2764,22.11389,65,2019,405265.260
52.193790736111104,-117.2473552611111,2126.0488,22.11250,65,2019,410470.811
52.19378130277776,-117.24730144722226,2126.3452,22.11111,65,2019,415681.910
52.193775724999995,-117.24725414444445,2125.9265,22.10972,65,2019,420895.544
52.193768288888876,-117.24721141666667,2125.5063,22.10833,65,2019,426107.194
52.19376309166666,-117.24716654444444,2125.0718,22.10694,65,2019,431317.825
52.19376275277777,-117.24715754166668,2125.0496,22.10556,65,2019,436527.539
52.193762449999994,-117.2471575611111,2125.0174,22.10417,65,2019,441736.617
52.193762797222206,-117.2471565138889,2125.0739,22.10278,65,2019,446945.411
52.19376254166666,-117.24715644722222,2125.0245,22.10139,65,2019,452153.288
52.193761925,-117.24715503333333,2125.0344,22.10000,65,2019,457360.168
52.1937618361111,-117.24715444166665,2125.0721,22.09861,65,2019,462566.008
52.19376170833332,-117.24715452222222,2125.0253,22.09722,65,2019,467770.546
52.193761641666654,-117.2471545638889,2125.0265,22.09583,65,2019,472974.239
52.193761636111105,-117.24715461388888,2125.0395,22.09444,65,2019,478176.883
52.19376146111111,-117.24715472500002,2125.0085,22.09306,65,2019,483378.288
52.19376165277777,-117.24715462222221,2125.019,22.09167,65,2019,488578.672
52.193761536111104,-117.2471547111111,2125.0331,22.09028,65,2019,493777.954
52.19376164722222,-117.2471545527778,2125.0578,22.08889,65,2019,498976.130
52.19376164722222,-117.24715466388888,2125.0546,22.08750,65,2019,-495827.863
52.19376169999999,-117.24715444166665,2125.0713,22.08611,65,2019,-490631.911
52.193761650000006,-117.24715463055557,2125.0391,22.08472,65,2019,-485437.319
52.19376173055556,-117.247154675,2125.0018,22.08333,65,2019,-480243.993
52.19376167499998,-117.24715440277778,2125.0273,22.08194,65,2019,-475051.711
52.19376159166666,-117.24715443888886,2125.0096,22.08056,65,2019,-469860.723
52.19376151388889,-117.2471545638889,2124.9833,22.07917,65,2019,-464671.037
52.193761472222214,-117.24715473888894,2124.9523,22.07778,65,2019,-459482.788
52.19376163055555,-117.2471547277778,2124.9877,22.07639,65,2019,-454295.655
52.19376166111111,-117.24715434166669,2125.024,22.07500,65,2019,-449109.884
52.193761777777766,-117.24715525277777,2124.9412,22.07361,65,2019,-443925.730
52.193761663888885,-117.24715444722221,2124.9997,22.07222,65,2019,-438742.610
52.19376171666666,-117.24715493888887,2124.9668,22.07083,65,2019,-433561.412
52.193761572222215,-117.24715479166667,2125.022,22.06944,65,2019,-428381.629
52.1937614361111,-117.24715472500002,2124.9768,22.06806,65,2019,-423203.851
52.193761922222215,-117.24715467222221,2125.0294,22.06667,65,2019,-418027.351
52.19376154999999,-117.24715444999998,2124.9994,22.06528,65,2019,-412852.883
52.19376184999999,-117.2471547527778,2125.0182,22.06389,65,2019,-407680.026
52.19376177222221,-117.24715453055556,2124.9967,22.06250,65,2019,-402508.870
52.193761944444425,-117.24715443888886,2125.0163,22.06111,65,2019,-397339.123
52.19376184444443,-117.24715455833335,2125.0062,22.05972,65,2019,-392171.173
52.19376170277777,-117.2471543388889,2125.0091,22.05833,65,2019,-387004.861
52.19376173333333,-117.24715489444445,2124.9759,22.05694,65,2019,-381840.448
52.19376142222222,-117.2471547111111,2124.9485,22.05556,65,2019,-376677.623
52.19376168611111,-117.24715473611111,2124.9658,22.05417,65,2019,-371516.282
52.19376145833333,-117.24715466111108,2124.9543,22.05278,65,2019,-366356.870
52.1937618361111,-117.24715447499999,2125.0087,22.05139,65,2019,-361199.066
52.193761777777766,-117.24715454722222,2124.99,22.05000,65,2019,-356043.277
52.19376175833334,-117.24715450833335,2124.9809,22.04861,65,2019,-350889.194
52.19376170277777,-117.24715458055556,2124.981,22.04722,65,2019,-345736.877
52.193761761111105,-117.24715450000001,2125.0039,22.04583,65,2019,-340586.259
52.19376182777778,-117.24715460833332,2124.9748,22.04444,65,2019,-335437.403
52.19376198055554,-117.24715457777778,2125.0005,22.04306,65,2019,-330289.890
52.19376177222221,-117.24715433333334,2124.9827,22.04167,65,2019,-325144.288
52.19376200555554,-117.24715445555556,2124.9639,22.04028,65,2019,-320000.238
52.193761944444425,-117.2471542638889,2124.966,22.03889,65,2019,-314857.845
52.19376193055555,-117.24715461111109,2124.9713,22.03750,65,2019,-309717.297
52.19376163333333,-117.24715465,2124.9451,22.03611,65,2019,-304578.614
52.193761944444425,-117.24715456111113,2124.9502,22.03472,65,2019,-299441.634
52.19376214722221,-117.24715407777776,2125.0111,22.03333,65,2019,-294306.078
52.193761902777766,-117.2471544666667,2124.9685,22.03194,65,2019,-289172.329
52.193761811111095,-117.24715406666668,2124.9913,22.03056,65,2019,-284039.446
52.19376150833332,-117.24715474722223,2124.9321,22.02917,65,2019,-278908.101
52.193761705555545,-117.24715444722221,2124.9966,22.02778,65,2019,-273777.403
52.193761788888885,-117.24715461944444,2124.9423,22.02639,65,2019,-268648.235
52.19376199166666,-117.24715444722221,2124.9701,22.02500,65,2019,-263519.630
52.19376190833332,-117.24715428055556,2124.975,22.02361,65,2019,-258392.309
52.19376187499999,-117.24715447777778,2124.9396,22.02222,65,2019,-253266.682
52.19376185833333,-117.24715414166667,2124.9939,22.02083,65,2019,-248143.517
52.19374640833333,-117.24710840555555,2124.7449,22.01944,65,2019,-243019.889
52.1937242611111,-117.2470392638889,2124.5274,22.01806,65,2019,-237889.870
52.193708877777766,-117.2469744777778,2123.8129,22.01667,65,2019,-232757.806
52.19369377222221,-117.24691199166666,2123.355,22.01528,65,2019,-227625.417
52.19367421666665,-117.24684814166665,2122.8578,22.01389,65,2019,-222496.093
52.19365655277776,-117.24679873055555,2122.3588,22.01250,65,2019,-217370.161
52.19363324444444,-117.24675050555557,2122.0646,22.01111,65,2019,-212243.544
52.19360991388888,-117.24670243333335,2121.7971,22.00972,65,2019,-207119.611
52.19357424444444,-117.24666518055558,2121.8548,22.00833,65,2019,-202000.047
52.193547175,-117.2466394861111,2121.7615,22.00694,65,2019,-196887.056
52.193514127777775,-117.24661828055557,2121.9568,22.00556,65,2019,-191776.897
52.19348081944444,-117.24660930833335,2122.0129,22.00417,65,2019,-186665.781
52.19344001388888,-117.246601075,2122.4191,22.00278,65,2019,-181552.672
52.19341083888888,-117.24660828333336,2122.6239,22.00139,65,2019,-176445.810
52.19338376944443,-117.24662707499999,2122.7551,22.00000,65,2019,-171347.995
52.19335403888888,-117.24665216111111,2123.1022,21.99861,65,2019,-166256.446
52.19332900555555,-117.24667863055555,2123.4032,21.99722,65,2019,-161160.248
52.19330776111111,-117.2467031916667,2123.5037,21.99583,65,2019,-156058.421
52.19329242499998,-117.24671871111113,2123.6555,21.99444,65,2019,-150954.608
52.193281297222214,-117.24673333611112,2123.7339,21.99306,65,2019,-145854.381
52.19325620833333,-117.24675365277777,2124.0166,21.99167,65,2019,-140760.386
52.19323368888889,-117.24678646944446,2124.3352,21.99028,65,2019,-135667.763
52.19321539166666,-117.24681618333334,2124.506,21.98889,65,2019,-130578.898
52.193203766666656,-117.24683004722222,2124.6405,21.98750,65,2019,-125493.898
52.19317935277777,-117.24687803333335,2124.994,21.98611,65,2019,-120411.266
52.19316136944444,-117.246918825,2125.0688,21.98472,65,2019,-115328.441
52.19312449166666,-117.24697093611113,2125.4524,21.98333,65,2019,-110245.804
52.19308661388889,-117.24701696944443,2125.8852,21.98194,65,2019,-105165.572
52.19306173333334,-117.24705837777778,2126.1754,21.98056,65,2019,-100085.813
52.193026602777785,-117.24712076944444,2126.5434,21.97917,65,2019,-95004.504
52.192985127777774,-117.24718405277778,2126.8942,21.97778,65,2019,-89921.699
52.19295546666665,-117.2472428,2127.0242,21.97639,65,2019,-84837.998
52.192923808333326,-117.247309525,2127.5865,21.97500,65,2019,-79753.826
52.192896630555545,-117.24737828055555,2127.7147,21.97361,65,2019,-74670.711
52.19287085555555,-117.247450975,2127.8652,21.97222,65,2019,-69586.563
52.1928508111111,-117.24751795277778,2127.9864,21.97083,65,2019,-64498.971
52.19283666388888,-117.24759713888889,2128.4308,21.96944,65,2019,-59412.445
52.192831616666666,-117.24766466944443,2128.6291,21.96806,65,2019,-54329.364
52.19283106111109,-117.24772758055556,2128.7128,21.96667,65,2019,-49252.222
52.1928362861111,-117.24780090833333,2129.0392,21.96528,65,2019,-44181.280
52.19284973055555,-117.24787020833334,2129.4928,21.96389,65,2019,-39114.373
52.192861416666666,-117.24791696944446,2129.7777,21.96250,65,2019,-34048.432
52.19288145555555,-117.24796930555556,2130.2354,21.96111,65,2019,-28983.688
52.1929046611111,-117.248012375,2130.4627,21.95972,65,2019,-23915.887
52.192929341666655,-117.24807662222221,2131.3518,21.95833,65,2019,-18845.416
52.1929416,-117.24812266388889,2131.6558,21.95694,65,2019,-13777.505
52.19296285555554,-117.24816694444445,2132.3512,21.95556,65,2019,-8710.190
52.1929785361111,-117.24824520555559,2132.733,21.95417,65,2019,-3644.489
52.1930021111111,-117.24829621111111,2132.8475,21.95278,65,2019,1418.709
52.193023561111104,-117.24837068055557,2133.3441,21.95139,65,2019,6480.725
52.193048630555545,-117.24844292777775,2133.3005,21.95000,65,2019,11542.628
52.19307557777777,-117.24850021388889,2133.1026,21.94861,65,2019,16605.358
52.19310290833332,-117.24858225,2133.1478,21.94722,65,2019,21670.237
52.193130983333326,-117.24864323333334,2132.937,21.94583,65,2019,26736.437
52.19315088055555,-117.24872834722221,2133.1199,21.94444,65,2019,31800.158
52.19317277499999,-117.2487888361111,2132.9891,21.94306,65,2019,36861.078
52.1931927111111,-117.24883863888888,2132.902,21.94167,65,2019,41920.805
52.19321435555555,-117.24890010277778,2133.0049,21.94028,65,2019,46980.172
52.19323981388888,-117.24897654444446,2133.1927,21.93889,65,2019,52038.416
52.19326390555555,-117.24904388888889,2133.207,21.93750,65,2019,57097.231
52.19328582222222,-117.24910720555555,2133.2982,21.93611,65,2019,62155.926
52.19331050277778,-117.24917509722222,2133.4762,21.93472,65,2019,67214.086
52.193334736111105,-117.24924037222222,2133.4433,21.93333,65,2019,72273.520
52.19336125277777,-117.24930724166667,2133.5548,21.93194,65,2019,77332.920
52.193386044444445,-117.24937169444446,2133.5273,21.93056,65,2019,82390.644
52.193409599999995,-117.24944213333335,2133.7929,21.92917,65,2019,87445.791
52.19344063888888,-117.24951665277777,2133.8477,21.92778,65,2019,92500.558
52.193466227777776,-117.24959218888888,2133.8506,21.92639,65,2019,97552.784
52.19349243055555,-117.24966912222222,2134.0167,21.92500,65,2019,102604.384
52.193519124999995,-117.24975040555556,2134.0949,21.92361,65,2019,107655.036
52.193549138888876,-117.24982528611113,2134.236,21.92222,65,2019,112706.123
52.19357598888889,-117.24990221944445,2134.3445,21.92083,65,2019,117756.044
52.193601663888884,-117.24997381111112,2134.5116,21.91944,65,2019,122804.203
52.193629033333316,-117.2500415111111,2134.4483,21.91806,65,2019,127850.347
52.193658538888876,-117.25010583055557,2134.487,21.91667,65,2019,132895.363
52.19368615555554,-117.25017797222222,2134.5457,21.91528,65,2019,137939.557
52.193712952777766,-117.25024824166667,2134.6276,21.91389,65,2019,142981.823
52.19373957222221,-117.25031786666666,2134.7109,21.91250,65,2019,148023.227
52.19376874444444,-117.25038208888891,2134.9321,21.91111,65,2019,153067.927
52.19379234444443,-117.25043823055557,2134.8664,21.90972,65,2019,158111.674
52.19381706666667,-117.25050256388886,2134.8896,21.90833,65,2019,163155.859
52.193843924999996,-117.25057070000001,2134.9585,21.90694,65,2019,168201.047
52.193871733333324,-117.25063572222226,2134.9687,21.90556,65,2019,173245.859
52.193893949999996,-117.25069951388888,2134.9905,21.90417,65,2019,178288.848
52.193918222222216,-117.25075656666665,2135.0621,21.90278,65,2019,183332.713
52.1939432861111,-117.25081795555556,2135.0767,21.90139,65,2019,188374.469
52.19396885,-117.25088019444445,2135.2168,21.90000,65,2019,193415.100
52.193994316666654,-117.2509376138889,2135.1656,21.89861,65,2019,198457.909
52.19402003333333,-117.25100225833333,2135.0682,21.89722,65,2019,203501.347
52.194046969444436,-117.25106504166666,2135.0746,21.89583,65,2019,208543.663
52.19406847777777,-117.2511297111111,2135.2279,21.89444,65,2019,213582.176
52.19409395833332,-117.25119053055558,2135.2537,21.89306,65,2019,218619.040
52.19412294722222,-117.25125460277778,2135.2584,21.89167,65,2019,223657.246
52.194151524999995,-117.25131648611111,2135.2448,21.89028,65,2019,228693.828
52.19417779166666,-117.25137620833334,2135.3269,21.88889,65,2019,233731.450
52.194204022222216,-117.25143842222222,2135.4212,21.88750,65,2019,238772.407
52.194226599999986,-117.25149985000003,2135.4237,21.88611,65,2019,243812.205
52.19424823333333,-117.25155573888887,2135.4912,21.88472,65,2019,248852.664
52.19427246666666,-117.25161588055555,2135.5184,21.88333,65,2019,253893.544
52.194298044444444,-117.25167540555555,2135.5516,21.88194,65,2019,258931.858
52.19432273055555,-117.25173624722224,2135.5582,21.88056,65,2019,263967.716
52.19434743055555,-117.25179604166667,2135.7588,21.87917,65,2019,269004.773
52.19437119722221,-117.25183774722223,2135.5981,21.87778,65,2019,274043.904
52.194395169444434,-117.2519009222222,2135.9889,21.87639,65,2019,279086.696
52.194415691666656,-117.25195932222222,2136.0469,21.87500,65,2019,284128.104
52.19443570277777,-117.25201431111111,2135.8497,21.87361,65,2019,289167.399
52.19446391666665,-117.25207878055555,2136.089,21.87222,65,2019,294207.766
52.19448686111111,-117.25213630555557,2136.0601,21.87083,65,2019,299248.214
52.19451163055555,-117.25219184722225,2135.9436,21.86944,65,2019,304286.882
52.19453665833332,-117.25224921944445,2136.0478,21.86806,65,2019,309323.165
52.19456014999999,-117.2523114833333,2136.0665,21.86667,65,2019,314356.771
52.19458823333332,-117.25236841388889,2136.1377,21.86528,65,2019,319388.696
52.19461230277776,-117.25241979444445,2136.1847,21.86389,65,2019,324421.188
52.19463959999998,-117.25248511666665,2136.4399,21.86250,65,2019,329456.048
52.1946623861111,-117.25254589166666,2136.501,21.86111,65,2019,334493.249
52.19468363611111,-117.25260203611113,2136.4731,21.85972,65,2019,339531.474
52.19470663611111,-117.25265746666666,2136.6563,21.85833,65,2019,344570.735
52.194726788888886,-117.25272046944444,2136.7463,21.85694,65,2019,349610.746
52.19474480833334,-117.25277076388889,2136.925,21.85556,65,2019,354650.739
52.194764430555544,-117.2528086972222,2137.0816,21.85417,65,2019,359690.797
52.19478891388887,-117.25286807777776,2137.0383,21.85278,65,2019,364731.894
52.19481339444444,-117.25292528055556,2136.8232,21.85139,65,2019,369771.123
52.19484014166666,-117.25298699722222,2136.9197,21.85000,65,2019,374810.151
52.19486642499999,-117.2530485388889,2136.9896,21.84861,65,2019,379849.853
52.19489356944444,-117.25310529722225,2137.0107,21.84722,65,2019,384890.381
52.19492122499999,-117.25316575555556,2137.134,21.84583,65,2019,389933.648
52.19494715,-117.25322639444444,2137.106,21.84444,65,2019,394977.069
52.194973852777764,-117.25328380833334,2137.1136,21.84306,65,2019,400019.947
52.1950026361111,-117.25334541111113,2137.1089,21.84167,65,2019,405066.625
52.19502714999999,-117.25341587222225,2137.0852,21.84028,65,2019,410114.319
52.1950527611111,-117.25347591111111,2137.0479,21.83889,65,2019,415163.260
52.19507697222221,-117.25353866388889,2136.9804,21.83750,65,2019,420211.238
52.195152763888885,-117.2536898888889,2139.6584,21.83333,65,2019,435354.724
52.19518154166666,-117.25375037777778,2139.7221,21.83194,65,2019,440401.874
52.19520764999999,-117.25381671666666,2139.7452,21.83056,65,2019,445448.304
52.19523277777777,-117.25388096388889,2139.8089,21.82917,65,2019,450495.358
52.19526140833333,-117.25394755,2139.9191,21.82778,65,2019,455543.281
52.19528793333334,-117.25401190277778,2139.833,21.82639,65,2019,460589.412
52.195311858333326,-117.2540683,2139.9092,21.82500,65,2019,465637.498
52.195335441666664,-117.2541303,2140.1071,21.82361,65,2019,470687.506
52.19535739166666,-117.25418214444444,2140.223,21.82222,65,2019,475739.180
52.19538290277777,-117.25423722777775,2140.2914,21.82083,65,2019,480791.726
52.19540405277777,-117.25428194444443,2140.1625,21.81944,65,2019,485844.744
52.195425563888875,-117.25433117777777,2140.4033,21.81806,65,2019,490898.317
52.19543189444444,-117.25433899722222,2140.4213,21.81667,65,2019,495952.044
52.19543376944445,-117.25434146944444,2140.4534,21.81528,65,2019,-498994.913
52.19543376388888,-117.25434141944446,2140.4597,21.81389,65,2019,-493940.435
52.19543391944444,-117.25434147222224,2140.4954,21.81250,65,2019,-488885.288
52.1954338611111,-117.25434146666669,2140.4489,21.81111,65,2019,-483829.666
52.19543359166666,-117.25434144722222,2140.4703,21.80972,65,2019,-478773.958
52.19543344166667,-117.25434152777778,2140.4357,21.80833,65,2019,-473718.320
52.195433338888876,-117.2543415611111,2140.436,21.80694,65,2019,-468662.378
52.19543408888888,-117.25434272777777,2140.4487,21.80556,65,2019,-463606.341
52.195434005555555,-117.25434283055554,2140.4175,21.80417,65,2019,-458550.359
52.195434163888876,-117.25434295555554,2140.4252,21.80278,65,2019,-453494.234
52.19543410555555,-117.25434301388889,2140.4144,21.80139,65,2019,-448438.109
52.19543430833333,-117.25434303055555,2140.4334,21.80000,65,2019,-443381.905
52.19543429444443,-117.25434303333333,2140.4518,21.79861,65,2019,-438325.643
52.19543454722221,-117.25434299444446,2140.4604,21.79722,65,2019,-433269.429
52.195434394444426,-117.25434313333334,2140.4538,21.79583,65,2019,-428213.177
52.19543434999999,-117.25434309444447,2140.44,21.79444,65,2019,-423156.837
52.19543433888889,-117.25434295555554,2140.4436,21.79306,65,2019,-418100.212
52.195434299999995,-117.25434301666668,2140.4341,21.79167,65,2019,-413043.514
52.1954342861111,-117.254343175,2140.432,21.79028,65,2019,-407986.647
52.19543422499999,-117.25434318055555,2140.4223,21.78889,65,2019,-402929.671
52.19543424166666,-117.2543432,2140.4174,21.78750,65,2019,-397872.542
52.19543418055555,-117.25434329722222,2140.4175,21.78611,65,2019,-392815.301
52.195434266666666,-117.25434316666667,2140.4489,21.78472,65,2019,-387757.914
52.19543430833333,-117.25434319166663,2140.4484,21.78333,65,2019,-382700.371
52.19543419999998,-117.25434340277778,2140.4332,21.78194,65,2019,-377642.719
52.19543461388888,-117.25434348888889,2140.4707,21.78056,65,2019,-372584.931
52.19543436666667,-117.25434360277778,2140.4642,21.77917,65,2019,-367527.297
52.19543438333332,-117.2543437527778,2140.4626,21.77778,65,2019,-362469.551
52.195434475,-117.25434366388889,2140.4778,21.77639,65,2019,-357411.897
52.19543455555554,-117.25434370833337,2140.4443,21.77500,65,2019,-352354.268
52.19543500555555,-117.2543440638889,2140.5247,21.77361,65,2019,-347296.112
52.195434663888875,-117.25434384722224,2140.4655,21.77222,65,2019,-342238.455
52.19543441666666,-117.25434373888889,2140.4396,21.77083,65,2019,-337180.843
52.19543438333332,-117.25434382777779,2140.4549,21.76944,65,2019,-332123.259
52.19543433888889,-117.25434383055556,2140.4378,21.76806,65,2019,-327065.682
52.195434336111106,-117.25434358333335,2140.4526,21.76667,65,2019,-322007.907
52.19543424166666,-117.2543435888889,2140.4248,21.76528,65,2019,-316950.362
52.1954343111111,-117.25434355277778,2140.4447,21.76389,65,2019,-311892.797
52.195434230555556,-117.25434352222221,2140.4517,21.76250,65,2019,-306835.239
52.19543448333332,-117.25434357777779,2140.4534,21.76111,65,2019,-301777.736
52.19543435833332,-117.25434359722222,2140.44,21.75972,65,2019,-296720.365
52.19543448055555,-117.25434364444445,2140.4622,21.75833,65,2019,-291663.052
52.19543432499999,-117.25434369444444,2140.434,21.75694,65,2019,-286605.889
52.195434375,-117.25434373888889,2140.4395,21.75556,65,2019,-281548.741
52.19543426944444,-117.2543437777778,2140.3873,21.75417,65,2019,-276491.918
52.19543414999999,-117.2543436,2140.4022,21.75278,65,2019,-271435.117
52.19543426944444,-117.25434367777778,2140.4293,21.75139,65,2019,-266378.494
52.19543448055555,-117.25434370833337,2140.4473,21.75000,65,2019,-261322.076
52.19543435555555,-117.25434368611108,2140.4375,21.74861,65,2019,-256265.853
52.195434380555554,-117.25434375000002,2140.4247,21.74722,65,2019,-251209.717
52.195434494444434,-117.25434367777778,2140.4533,21.74583,65,2019,-246153.371
52.19543457222222,-117.2543439333333,2140.4658,21.74444,65,2019,-241096.829
52.19543449166665,-117.25434391944444,2140.4299,21.74306,65,2019,-236039.990
52.19543446944444,-117.25434371111109,2140.4287,21.74167,65,2019,-230983.024
52.19543441944443,-117.25434431944443,2140.4147,21.74028,65,2019,-225926.125
52.195434074999994,-117.2543441138889,2140.3655,21.73889,65,2019,-220869.324
52.195434055555545,-117.25434398333331,2140.3847,21.73750,65,2019,-215812.177
52.19543423333334,-117.25434426388888,2140.4124,21.73611,65,2019,-210754.544
52.19543424722222,-117.25434407500002,2140.4097,21.73472,65,2019,-205696.515
52.19543430833333,-117.2543440138889,2140.4095,21.73333,65,2019,-200637.976
52.19543456666666,-117.25434396944446,2140.4504,21.73194,65,2019,-195578.433
52.19543444166666,-117.2543440138889,2140.4221,21.73056,65,2019,-190517.848
52.19543446388889,-117.25434405000001,2140.4458,21.72917,65,2019,-185455.507
52.19543430555555,-117.25434394722222,2140.4272,21.72778,65,2019,-180391.248
52.195434819444436,-117.25434404444445,2140.415,21.72639,65,2019,-175325.498
52.19544838055555,-117.25439889722225,2140.5286,21.72500,65,2019,-170260.293
52.195467905555546,-117.25446965555554,2140.7785,21.72361,65,2019,-165192.022
52.19548042222221,-117.25454655,2141.1931,21.72222,65,2019,-160121.182
52.19548759722221,-117.2546237,2141.5889,21.72083,65,2019,-155047.382
52.19548103888888,-117.25468614722222,2141.9272,21.71944,65,2019,-149973.388
52.19546714444443,-117.25476355833335,2142.3767,21.71806,65,2019,-144900.619
52.19544521111109,-117.25482159444446,2142.7335,21.71667,65,2019,-139829.160
52.19541343333333,-117.25488631944445,2143.0451,21.71528,65,2019,-134760.198
52.195384316666654,-117.25492733333333,2143.2583,21.71389,65,2019,-129695.215
52.19535360833332,-117.25497701666666,2143.5065,21.71250,65,2019,-124629.556
52.19532686388889,-117.25501518055555,2143.6263,21.71111,65,2019,-119565.467
52.19530136944444,-117.25505368611111,2143.8565,21.70972,65,2019,-114501.600
52.195277105555554,-117.2550886638889,2144.0058,21.70833,65,2019,-109436.633
52.19525115277778,-117.25512862500003,2144.1695,21.70694,65,2019,-104372.395
52.195219705555544,-117.2551802611111,2144.3674,21.70556,65,2019,-99310.876
52.195186522222215,-117.25523770833331,2144.6173,21.70417,65,2019,-94251.070
52.195150030555546,-117.25530015833333,2144.8017,21.70278,65,2019,-89195.881
52.195117044444444,-117.25535826666666,2145.072,21.70139,65,2019,-84144.386
52.19508087777777,-117.25541663888887,2145.2918,21.70000,65,2019,-79094.990
52.19504928888889,-117.25546684444443,2145.5021,21.69861,65,2019,-74047.103
52.19501185555555,-117.25551631666667,2145.649,21.69722,65,2019,-69001.712
52.194971347222214,-117.2555703,2145.8617,21.69583,65,2019,-63959.130
52.194933113888894,-117.2556202611111,2146.0086,21.69444,65,2019,-58916.738
52.1948934,-117.25566596944442,2146.2562,21.69306,65,2019,-53874.119
52.194851888888884,-117.25569766666668,2146.3043,21.69167,65,2019,-48833.281
52.194805983333325,-117.25572031944445,2146.6036,21.69028,65,2019,-43793.599
52.19476255555554,-117.25573129999998,2146.5213,21.68889,65,2019,-38755.558
52.194724072222215,-117.25572632222223,2146.5468,21.68750,65,2019,-33718.260
52.19468503611111,-117.25571185277778,2146.6255,21.68611,65,2019,-28680.187
52.19464721944444,-117.25568745555556,2146.4866,21.68472,65,2019,-23642.524
52.19461300833331,-117.25564747777779,2146.5288,21.68333,65,2019,-18604.741
52.19458083055555,-117.25559058333333,2146.406,21.68194,65,2019,-13569.174
52.19456330833333,-117.25554271944445,2146.2638,21.68056,65,2019,-8534.481
52.194551408333325,-117.25550038333333,2146.1726,21.67917,65,2019,-3497.634
52.19454044166666,-117.25546835,2146.124,21.67778,65,2019,1540.450
52.194525427777776,-117.25542301388887,2146.1928,21.67639,65,2019,6577.134
52.194519588888895,-117.25540562222224,2146.1744,21.67500,65,2019,11613.555
52.19451633055555,-117.25539463333334,2146.1305,21.67361,65,2019,16650.340
52.19451404444444,-117.25538775833333,2146.1264,21.67222,65,2019,21686.022
52.19450682777777,-117.25536650833334,2146.0701,21.67083,65,2019,26722.111
52.19448530555555,-117.2553065472222,2145.8412,21.66944,65,2019,31759.511
52.19446565277777,-117.25524597222223,2145.8198,21.66806,65,2019,36796.352
52.1944429111111,-117.25518213333336,2145.7887,21.66667,65,2019,41833.998
52.19442120555554,-117.25512283055555,2145.6737,21.66528,65,2019,46871.674
52.19439998611111,-117.2550582111111,2145.7516,21.66389,65,2019,51907.542
52.19437855277778,-117.25499150000002,2145.748,21.66250,65,2019,56940.773
52.19435678611111,-117.25492837777777,2145.5891,21.66111,65,2019,61972.043
52.19433513611109,-117.25486173611111,2145.4974,21.65972,65,2019,67002.615
52.19431267222221,-117.25479867222225,2145.4777,21.65833,65,2019,72037.801
52.194288330555544,-117.25473120555557,2145.4269,21.65694,65,2019,77073.908
52.19426871944444,-117.25466716666666,2145.3104,21.65556,65,2019,82104.335
52.194248336111094,-117.25460891944446,2145.4134,21.65417,65,2019,87133.562
52.19422679444444,-117.25454745833333,2145.3941,21.65278,65,2019,92163.937
52.19420462777777,-117.25448183333333,2145.2864,21.65139,65,2019,97195.916
52.194184275,-117.25441736666667,2145.2652,21.65000,65,2019,102226.878
52.19416518888889,-117.2543516888889,2145.1363,21.64861,65,2019,107257.176
52.194143061111106,-117.2542854722222,2145.137,21.64722,65,2019,112289.445
52.194126247222215,-117.25422208611111,2145.1339,21.64583,65,2019,117323.649
52.19410677222221,-117.2541546111111,2145.026,21.64444,65,2019,122358.483
52.19408957222222,-117.25409357777777,2144.9046,21.64306,65,2019,127393.164
52.194069313888875,-117.25402534722227,2144.7752,21.64167,65,2019,132428.793
52.194054716666656,-117.2539610861111,2144.6707,21.64028,65,2019,137464.574
52.19403079722222,-117.25389552777777,2144.7137,21.63889,65,2019,142501.200
52.19400903333333,-117.2538294361111,2144.5213,21.63750,65,2019,147539.230
52.193990533333334,-117.25376732777778,2144.4331,21.63611,65,2019,152576.934
52.193970874999984,-117.2537003722222,2144.3092,21.63472,65,2019,157610.055
52.19395789444444,-117.25363981111114,2144.1993,21.63333,65,2019,162633.182
52.19393434166666,-117.2535785638889,2144.1697,21.63194,65,2019,167654.281
52.19391030555554,-117.25352150833332,2143.9976,21.63056,65,2019,172677.747
52.19388874444444,-117.25346146111112,2143.7697,21.62917,65,2019,177703.272
52.193867291666656,-117.2533965388889,2143.719,21.62778,65,2019,182732.014
52.19384648055555,-117.2533307388889,2143.7427,21.62639,65,2019,187760.553
52.193825219444435,-117.25326721111111,2143.4375,21.62500,65,2019,192787.952
52.19380547499999,-117.253207475,2143.2982,21.62361,65,2019,197816.230
52.1937863861111,-117.25314513611112,2143.2516,21.62222,65,2019,202843.150
52.193766766666656,-117.25308868055555,2143.135,21.62083,65,2019,207869.845
52.193748166666666,-117.25303440277779,2143.0002,21.61944,65,2019,212899.393
52.19373033611111,-117.25297155833333,2142.9602,21.61806,65,2019,217929.061
52.19370823333333,-117.25290907222222,2143.0149,21.61667,65,2019,222958.156
52.193693488888876,-117.25285228055556,2142.8174,21.61528,65,2019,227984.007
52.193671141666655,-117.25278621944446,2142.8957,21.61389,65,2019,233007.587
52.19365137499999,-117.25272151388891,2142.7903,21.61250,65,2019,238026.823
52.19362254444444,-117.25266330833337,2142.9565,21.61111,65,2019,243048.513
52.193602608333315,-117.25260195555556,2142.9674,21.60972,65,2019,248072.051
52.19358308055555,-117.25253513888889,2143.0543,21.60833,65,2019,253097.469
52.19356217222222,-117.25247223333335,2143.0206,21.60694,65,2019,258124.667
52.193545644444434,-117.25240865833332,2143.1,21.60556,65,2019,263151.955
52.1935267111111,-117.25233950555555,2143.1721,21.60417,65,2019,268178.832
52.193506905555545,-117.25227619166667,2143.0016,21.60278,65,2019,273205.024
52.193493491666665,-117.25221391388891,2142.973,21.60139,65,2019,278229.518
52.19346896111111,-117.25214346666667,2143.0357,21.60000,65,2019,283256.096
52.19344668055555,-117.25207780555556,2142.9516,21.59861,65,2019,288283.104
52.19342672222221,-117.25201558611111,2142.7411,21.59722,65,2019,293309.235
52.19340516944444,-117.251946525,2142.782,21.59583,65,2019,298335.433
52.19338287777777,-117.25187844999999,2142.7884,21.59444,65,2019,303361.685
52.19336202222221,-117.25180846944446,2142.793,21.59306,65,2019,308389.079
52.19334033055555,-117.25173883611112,2142.7689,21.59167,65,2019,313414.782
52.19331940277777,-117.25166957222224,2142.7734,21.59028,65,2019,318435.671
52.19329854166666,-117.25160594166667,2142.6813,21.58889,65,2019,323454.780
52.19327921388888,-117.25154214722222,2142.7136,21.58750,65,2019,328472.885
52.193257213888884,-117.25148261388888,2142.872,21.58611,65,2019,333491.348
52.19324209722222,-117.25142657222223,2142.7144,21.58472,65,2019,338506.412
52.19321882222221,-117.2513651361111,2143.0384,21.58333,65,2019,343521.095
52.193196663888884,-117.25130243333334,2142.986,21.58194,65,2019,348539.173
52.19317641666667,-117.25124087499998,2142.7622,21.58056,65,2019,353557.797
52.19315564444444,-117.25118183333333,2142.5656,21.57917,65,2019,358575.892
52.19313501111111,-117.2511218472222,2142.5511,21.57778,65,2019,363593.103
52.19311505277778,-117.2510589777778,2142.5934,21.57639,65,2019,368610.574
52.1930954111111,-117.25100025555555,2142.5564,21.57500,65,2019,373628.961
52.19307441666666,-117.25093522222225,2142.4585,21.57361,65,2019,378648.047
52.193053352777774,-117.25087245277777,2142.364,21.57222,65,2019,383665.689
52.19303512499999,-117.25081168888889,2142.2803,21.57083,65,2019,388678.556
52.1930170611111,-117.25075237222222,2142.0402,21.56944,65,2019,393686.777
52.19299387499999,-117.25069821944444,2142.0123,21.56806,65,2019,398697.289
52.19297465833332,-117.25064475000002,2142.095,21.56667,65,2019,403707.611
52.192957616666654,-117.2505876972222,2141.8544,21.56528,65,2019,408716.169
52.19293898055556,-117.25053378888887,2142.0015,21.56389,65,2019,413728.333
52.192923663888884,-117.25047109444445,2141.7204,21.56250,65,2019,418739.937
52.19290633333333,-117.25040780277777,2141.4512,21.56111,65,2019,423749.817
52.192887372222216,-117.2503452111111,2141.3902,21.55972,65,2019,428758.881
52.1928719861111,-117.25028065277778,2141.2807,21.55833,65,2019,433761.991
52.19285294722222,-117.25021354444445,2141.2366,21.55694,65,2019,438763.341
52.19283920555554,-117.25015209722223,2141.0655,21.55556,65,2019,443763.590
52.192826841666665,-117.25009074722222,2140.9055,21.55417,65,2019,448758.451
52.19280530555555,-117.25002555833333,2140.8799,21.55278,65,2019,453753.131
52.19279066111111,-117.24996816944444,2140.4951,21.55139,65,2019,458747.901
52.192771244444444,-117.24990164722222,2140.7909,21.55000,65,2019,463742.882
52.19275280833334,-117.24984819444447,2140.5038,21.54861,65,2019,468737.672
52.192742797222216,-117.24980346111111,2140.3449,21.54722,65,2019,473733.551
52.192732758333314,-117.24975018055555,2140.2685,21.54583,65,2019,478726.996
52.19271952222221,-117.24969164722222,2140.1622,21.54444,65,2019,483718.016
52.192706441666665,-117.24963063055559,2140.01,21.54306,65,2019,488706.256
52.19268960555554,-117.24957212777777,2139.9168,21.54167,65,2019,493695.325
52.192675455555545,-117.24951147222222,2139.7939,21.54028,65,2019,498685.260
52.192662727777765,-117.24945620833334,2139.5134,21.53889,65,2019,-496327.195
52.192649877777775,-117.24939658333334,2139.225,21.53750,65,2019,-491339.535
52.19263416944443,-117.24933506111114,2139.2919,21.53611,65,2019,-486351.387
52.19262099166667,-117.24928728611111,2139.274,21.53472,65,2019,-481363.158
52.19260672777777,-117.24922301666666,2139.4339,21.53333,65,2019,-476374.856
52.19259322222221,-117.2491677,2139.1152,21.53194,65,2019,-471390.279
52.19257764444444,-117.24910611666668,2139.3417,21.53056,65,2019,-466405.495
52.19256793333333,-117.24905366666667,2139.1652,21.52917,65,2019,-461427.045
52.19255897777777,-117.24900891944445,2139.0092,21.52778,65,2019,-456453.565
52.19254235555555,-117.24894410833333,2139.0946,21.52639,65,2019,-451481.778
52.192536702777765,-117.24890541111111,2138.9182,21.52500,65,2019,-446517.507
52.192529324999995,-117.248853725,2138.5816,21.52361,65,2019,-441556.932
52.19252145833333,-117.248798675,2138.3389,21.52222,65,2019,-436592.288
52.19251999166666,-117.2487798388889,2138.1748,21.52083,65,2019,-431626.922
52.1925197611111,-117.24877864444443,2138.1902,21.51944,65,2019,-426662.630
52.19251963055555,-117.24877859166668,2138.1713,21.51806,65,2019,-421699.313
52.19251956111109,-117.24877872222223,2138.1544,21.51667,65,2019,-416736.869
52.192519575,-117.2487787888889,2138.1384,21.51528,65,2019,-411775.241
52.19251952222221,-117.24877877500003,2138.1488,21.51389,65,2019,-406814.441
52.19251932222221,-117.24877878333334,2138.1245,21.51250,65,2019,-401854.913
52.19251948888888,-117.24877887499999,2138.1296,21.51111,65,2019,-396896.350
52.19251958888887,-117.24877887222222,2138.1324,21.50972,65,2019,-391939.104
52.19251951944443,-117.24877867777776,2138.147,21.50833,65,2019,-386983.470
52.19251914999999,-117.24877815833335,2138.1865,21.50694,65,2019,-382029.561
52.19251918888888,-117.24877800833336,2138.2299,21.50556,65,2019,-377077.301
52.19252047222222,-117.24877740277776,2138.3651,21.50417,65,2019,-372126.844
52.19252104722223,-117.24877755555555,2138.4323,21.50278,65,2019,-367178.902
52.19252094999999,-117.24877739444447,2138.439,21.50139,65,2019,-362232.474
52.19252127222221,-117.24877764722223,2138.512,21.50000,65,2019,-357285.312
52.19252131666665,-117.248777525,2138.4647,21.49861,65,2019,-352339.115
52.19252110555554,-117.2487775361111,2138.4524,21.49722,65,2019,-347393.890
52.192520925,-117.24877746944446,2138.4769,21.49583,65,2019,-342449.488
52.192520708333326,-117.24877723333333,2138.4946,21.49444,65,2019,-337506.084
52.192520602777776,-117.24877751666666,2138.3891,21.49306,65,2019,-332563.860
52.192520661111104,-117.24877774722222,2138.4047,21.49167,65,2019,-327622.258
52.192520724999994,-117.248777775,2138.418,21.49028,65,2019,-322681.449
52.19252069722222,-117.24877781388889,2138.3987,21.48889,65,2019,-317741.437
52.19252080833332,-117.24877774722222,2138.4254,21.48750,65,2019,-312802.092
52.192520788888885,-117.24877773055556,2138.3902,21.48611,65,2019,-307863.645
52.19252071666667,-117.24877778333334,2138.4323,21.48472,65,2019,-302925.793
52.19252091944444,-117.24877753055556,2138.4646,21.48333,65,2019,-297988.755
52.19252098611109,-117.24877770277777,2138.4824,21.48194,65,2019,-293052.420
52.19252047777777,-117.24877803611112,2138.386,21.48056,65,2019,-288117.160
52.192520599999995,-117.24877783888888,2138.3936,21.47917,65,2019,-283182.338
52.1925205472222,-117.24877751666666,2138.4084,21.47778,65,2019,-278248.246
52.19252054999998,-117.24877748611111,2138.4254,21.47639,65,2019,-273314.958
52.19252060555555,-117.24877754999999,2138.407,21.47500,65,2019,-268382.503
52.192520591666664,-117.24877765833334,2138.4002,21.47361,65,2019,-263450.641
52.19252069722222,-117.24877761388889,2138.4122,21.47222,65,2019,-258519.565
52.19252105555555,-117.24877749722224,2138.5101,21.47083,65,2019,-253588.747
52.19252078055555,-117.24877786388889,2138.3969,21.46944,65,2019,-248659.103
52.192520727777776,-117.24877799444444,2138.3872,21.46806,65,2019,-243729.877
52.19252063333334,-117.24877795555557,2138.3685,21.46667,65,2019,-238801.428
52.19252069722222,-117.24877811111111,2138.3746,21.46528,65,2019,-233873.406
52.192520813888876,-117.24877812777778,2138.3917,21.46389,65,2019,-228945.995
52.192520516666654,-117.24877788611113,2138.366,21.46250,65,2019,-224019.290
52.19252055833333,-117.24877787777778,2138.3677,21.46111,65,2019,-219093.093
52.192520555555554,-117.248777975,2138.374,21.45972,65,2019,-214167.473
52.1925207111111,-117.24877805833334,2138.3685,21.45833,65,2019,-209242.480
52.192520630555556,-117.24877805555556,2138.3755,21.45694,65,2019,-204317.741
52.192520502777775,-117.24877781388889,2138.3765,21.45556,65,2019,-199393.418
52.192520552777765,-117.24877780833333,2138.3782,21.45417,65,2019,-194469.508
52.192520566666666,-117.24877795555557,2138.3716,21.45278,65,2019,-189546.103
52.19252073888888,-117.24877797777779,2138.3796,21.45139,65,2019,-184622.851
52.192520769444435,-117.24877826666666,2138.3649,21.45000,65,2019,-179700.057
52.19252070277778,-117.24877820000002,2138.3646,21.44861,65,2019,-174777.486
52.19252055833333,-117.24877798055556,2138.3468,21.44722,65,2019,-169855.038
52.19252074999999,-117.24877809722223,2138.3807,21.44583,65,2019,-164932.622
52.192520708333326,-117.24877803888887,2138.3942,21.44444,65,2019,-160010.447
52.192520788888885,-117.24877809722223,2138.4047,21.44306,65,2019,-155088.191
52.192520708333326,-117.24877791388889,2138.418,21.44167,65,2019,-150165.625
52.192521308333326,-117.24877805277778,2138.4579,21.44028,65,2019,-145242.592
52.1925268611111,-117.24878211666666,2139.4514,21.43889,65,2019,-140317.017
52.19252692777777,-117.24878227222224,2139.4447,21.43750,65,2019,-135392.646
52.19252683055554,-117.2487824,2139.4641,21.43611,65,2019,-130467.187
52.19252668888888,-117.24878260277778,2139.371,21.43472,65,2019,-125541.137
52.19250490833333,-117.24876884722224,2134.5307,21.43333,65,2019,-120624.725
52.19250510277776,-117.2487685,2134.6686,21.43194,65,2019,-115696.853
52.19252006944444,-117.24875440000002,2137.908,21.42917,65,2019,-105829.103
52.192519805555555,-117.24875442500002,2137.878,21.42778,65,2019,-100898.740
52.19251956944444,-117.24875430000002,2137.8778,21.42639,65,2019,-95966.177
52.19251970833333,-117.24875453888889,2137.8508,21.42500,65,2019,-91030.033
52.1925196972222,-117.24875532500002,2137.8515,21.42361,65,2019,-86088.546
52.19251979444444,-117.24875554722222,2137.8863,21.42222,65,2019,-81142.739
52.19251973055556,-117.24875464999998,2137.8844,21.42083,65,2019,-76196.852
52.19251696111111,-117.24873218611111,2137.8158,21.41944,65,2019,-71251.057
52.192508713888884,-117.2486707611111,2137.1991,21.41806,65,2019,-66305.797
52.192491033333326,-117.24862034722221,2137.1959,21.41667,65,2019,-61362.015
52.19246755277777,-117.24856897777777,2136.8751,21.41528,65,2019,-56416.249
52.19246064444443,-117.24854913055555,2136.7638,21.41389,65,2019,-51465.336
52.19244684444443,-117.24850015,2136.2664,21.41250,65,2019,-46507.745
52.19243476944443,-117.248449375,2135.7535,21.41111,65,2019,-41549.616
52.19241680277777,-117.24839715833335,2135.0482,21.40972,65,2019,-36592.975
52.19239290555555,-117.24834344722225,2134.5732,21.40833,65,2019,-31638.994
52.19236811388888,-117.24829270000001,2134.2462,21.40694,65,2019,-26688.347
52.19234151944443,-117.24824300000002,2134.1036,21.40556,65,2019,-21743.128
52.19233662777778,-117.24823541666669,2134.0804,21.40417,65,2019,-16802.919
52.192327466666654,-117.24822674722223,2134.0371,21.40278,65,2019,-11867.075
52.19229706388888,-117.24820386944445,2134.3662,21.40139,65,2019,-6931.752
52.19227535277778,-117.24819894444441,2134.58,21.40000,65,2019,-1997.231
52.19224646111111,-117.24821443888888,2135.0718,21.39861,65,2019,2940.596
52.19221025833333,-117.24824757500001,2135.3282,21.39722,65,2019,7883.109
52.19218092777777,-117.24827325833333,2135.4274,21.39583,65,2019,12827.227
52.19213999999999,-117.24829489722222,2135.6413,21.39444,65,2019,17768.417
52.192116952777766,-117.24831143888889,2135.7284,21.39306,65,2019,22706.951
52.19210787777777,-117.24832080000002,2135.9273,21.39167,65,2019,27646.009
52.192107977777766,-117.2483207277778,2135.8915,21.39028,65,2019,32584.027
52.19210794444444,-117.24832071388889,2135.9138,21.38889,65,2019,37520.930
52.19210805277777,-117.24832087499998,2135.9206,21.38750,65,2019,42456.321
52.192107977777766,-117.2483207666667,2135.9016,21.38611,65,2019,47389.802
52.19210790277777,-117.24832089722221,2135.9127,21.38472,65,2019,52321.643
52.19210745555554,-117.24832145277777,2135.916,21.38333,65,2019,57252.337
52.1921052111111,-117.248324675,2135.8815,21.38194,65,2019,62184.038
52.192088658333326,-117.24834075277779,2135.9123,21.38056,65,2019,67119.042
52.19207068055555,-117.24836288055558,2135.9499,21.37917,65,2019,72058.924
52.192052786111105,-117.24839095555555,2136.1021,21.37778,65,2019,77002.968
52.19203402222222,-117.24840821944446,2136.2185,21.37639,65,2019,81949.491
52.19202686944443,-117.2484149111111,2136.3324,21.37500,65,2019,86896.298
52.19201245833332,-117.2484260277778,2136.3647,21.37361,65,2019,91841.350
52.19198006944443,-117.24846445000001,2136.7366,21.37222,65,2019,96788.790
52.19194708055554,-117.24850360555556,2136.9383,21.37083,65,2019,101736.812
52.19190145555555,-117.2485477361111,2137.2728,21.36944,65,2019,106684.741
52.19186208888889,-117.24859835555556,2137.6586,21.36806,65,2019,111633.699
52.1918224,-117.24865270277778,2137.8104,21.36667,65,2019,116585.744
52.19179219722222,-117.24871332222224,2138.0537,21.36528,65,2019,121542.885
52.19176194444444,-117.24876830277778,2138.2061,21.36389,65,2019,126500.710
52.191727116666655,-117.24882647777778,2138.4783,21.36250,65,2019,131460.093
52.191699852777774,-117.24887994166667,2138.585,21.36111,65,2019,136417.926
52.191669949999984,-117.24895323055556,2138.9827,21.35972,65,2019,141375.389
52.19164879722222,-117.24902346666669,2139.1894,21.35833,65,2019,146333.233
52.191636852777776,-117.249090325,2139.5957,21.35694,65,2019,151290.711
52.19163983055556,-117.24915230555558,2139.9139,21.35556,65,2019,156246.943
52.19164009722222,-117.24921454722222,2140.1904,21.35417,65,2019,161199.060
52.19165573611111,-117.24927765555556,2140.618,21.35278,65,2019,166149.507
52.19167807222222,-117.24936320555555,2141.4091,21.35139,65,2019,171099.621
52.19169564166666,-117.24943021388889,2141.7943,21.35000,65,2019,176051.951
52.19171578333333,-117.24948743055558,2142.2596,21.34861,65,2019,181006.428
52.19172694166666,-117.24953300555556,2142.2876,21.34722,65,2019,185962.370
52.19173675833332,-117.24958540555555,2142.7534,21.34583,65,2019,190918.756
52.19174521666666,-117.24961795833336,2142.7617,21.34444,65,2019,195872.273
52.19175731666665,-117.24967195277775,2143.0591,21.34306,65,2019,200825.073
52.19177366388889,-117.24973513333335,2143.4836,21.34167,65,2019,205779.018
52.19179424166666,-117.24980478611111,2143.8291,21.34028,65,2019,210732.734
52.19181333333333,-117.24989396666668,2144.2993,21.33889,65,2019,215686.354
52.191828008333324,-117.2499639027778,2144.3881,21.33750,65,2019,220640.134
52.19185196388889,-117.25004281111111,2144.7072,21.33611,65,2019,225593.602
52.19187967777777,-117.25011769444443,2144.7534,21.33472,65,2019,230546.714
52.191906175,-117.250208475,2145.0462,21.33333,65,2019,235500.112
52.191927425,-117.2502976388889,2145.4773,21.33194,65,2019,240454.491
52.19195440555554,-117.2503779972222,2145.7675,21.33056,65,2019,245411.807
52.19197570833333,-117.25046513055554,2146.0676,21.32917,65,2019,250368.855
52.191998044444446,-117.25053967777778,2146.3067,21.32778,65,2019,255325.365
52.19201721111111,-117.25062033888891,2146.4766,21.32639,65,2019,260281.757
52.192038991666664,-117.25069766388887,2146.5863,21.32500,65,2019,265236.052
52.192064511111106,-117.25076863055558,2146.9254,21.32361,65,2019,270191.303
52.19208862222222,-117.25084507500002,2146.9022,21.32222,65,2019,275146.860
52.192113391666666,-117.25092279444445,2147.1394,21.32083,65,2019,280101.421
52.19213724722222,-117.2509941138889,2147.2044,21.31944,65,2019,285054.384
52.19216272777777,-117.25107012777778,2147.4493,21.31806,65,2019,290010.569
52.192185983333324,-117.2511455,2146.9491,21.31667,65,2019,294968.611
52.1922060611111,-117.25121850833335,2144.6534,21.31528,65,2019,299922.103
52.19222836944444,-117.25129495555557,2144.8262,21.31389,65,2019,304882.023
52.19225308055554,-117.25136196944443,2144.945,21.31250,65,2019,309843.211
52.192276824999986,-117.251426375,2144.9999,21.31111,65,2019,314805.303
52.19229941944443,-117.25148330000002,2145.0731,21.30972,65,2019,319767.768
52.19232532222221,-117.25154558055556,2145.0457,21.30833,65,2019,324730.115
52.19234760277777,-117.2516113222222,2144.9733,21.30694,65,2019,329693.450
52.19236891666666,-117.25167488611112,2144.9541,21.30556,65,2019,334653.349
52.19239143333332,-117.25173372222224,2145.2938,21.30417,65,2019,339611.698
52.19241659444444,-117.2518076166667,2145.3545,21.30278,65,2019,344573.031
52.19244263333333,-117.25186469166667,2145.2792,21.30139,65,2019,349537.534
52.19246496388888,-117.25192728333332,2145.202,21.30000,65,2019,354500.251
52.19248379999999,-117.25198985,2145.1492,21.29861,65,2019,359463.712
52.1925118,-117.25204891666667,2145.3427,21.29722,65,2019,364428.576
52.19253400277777,-117.25211808055556,2145.3013,21.29583,65,2019,369394.649
52.19255403333333,-117.252186325,2145.1202,21.29444,65,2019,374359.688
52.19257418055555,-117.25223381666666,2144.9282,21.29306,65,2019,379322.607
52.192599691666665,-117.25229335277778,2144.8547,21.29167,65,2019,384286.283
52.1926236972222,-117.25234894444445,2144.7704,21.29028,65,2019,389250.304
52.192648838888886,-117.2524179611111,2144.8824,21.28889,65,2019,394215.033
52.19267130555555,-117.25248526111113,2144.9924,21.28750,65,2019,399178.922
52.19269429722222,-117.25254441666665,2144.9135,21.28611,65,2019,404145.713
52.19272016944444,-117.25260686388889,2144.9227,21.28472,65,2019,409119.158
52.19273890277777,-117.25266722777779,2144.7496,21.28333,65,2019,414091.078
52.19276371388888,-117.25273767499999,2144.8651,21.28194,65,2019,419061.716
52.19278696666666,-117.25279844166667,2144.7274,21.28056,65,2019,424032.236
52.192806452777766,-117.25285720833332,2144.6351,21.27917,65,2019,429002.135
52.19282722222221,-117.25291426111113,2144.6264,21.27778,65,2019,433971.616
52.19284429999999,-117.25296298055555,2144.5085,21.27639,65,2019,438940.031
52.192865002777765,-117.25301224444445,2144.4105,21.27500,65,2019,443910.742
52.19287508333333,-117.25305865277778,2138.4735,21.27361,65,2019,448869.704
52.19291060277777,-117.25312994444447,2144.6023,21.27222,65,2019,453857.510
52.19293466666666,-117.25319388055556,2144.702,21.27083,65,2019,458833.978
52.192956447222215,-117.25325704444444,2144.5481,21.26944,65,2019,463809.801
52.19297701388889,-117.25332128611112,2144.5103,21.26806,65,2019,468784.279
52.1929983361111,-117.25337354999999,2144.3259,21.26667,65,2019,473759.185
52.193022591666654,-117.25343685833332,2144.3516,21.26528,65,2019,478733.543
52.19304682222222,-117.25349421666667,2144.4001,21.26389,65,2019,483707.398
52.19306990833333,-117.25355866111111,2144.4328,21.26250,65,2019,488681.584
52.193095824999986,-117.25361267777778,2144.3284,21.26111,65,2019,493656.219
52.193122097222215,-117.25367206666667,2144.3856,21.25972,65,2019,498631.908
52.1931468611111,-117.25372912499999,2144.4687,21.25833,65,2019,-496394.117
52.193173441666666,-117.25378920833333,2144.6021,21.25694,65,2019,-491417.926
52.19319682222221,-117.253850675,2144.7592,21.25556,65,2019,-486441.166
52.193219144444434,-117.25390407500001,2144.8887,21.25417,65,2019,-481466.149
52.19324543888887,-117.25396122222222,2144.8064,21.25278,65,2019,-476492.820
52.19326492222221,-117.2540048611111,2145.1279,21.25139,65,2019,-471517.612
52.193292208333325,-117.25406121944444,2145.4343,21.25000,65,2019,-466536.819
52.193314008333324,-117.25412420555557,2145.3142,21.24861,65,2019,-461555.422
52.193337861111104,-117.25419043611112,2145.445,21.24722,65,2019,-456574.612
52.193357349999985,-117.25425511111112,2145.621,21.24583,65,2019,-451597.538
52.193385538888876,-117.25431035833333,2145.6001,21.24444,65,2019,-446620.822
52.193414499999996,-117.25437092222222,2145.8296,21.24306,65,2019,-441642.805
52.19343719722221,-117.25443303611112,2145.8467,21.24167,65,2019,-436664.659
52.193464719444435,-117.25449370833331,2146.0418,21.24028,65,2019,-431684.585
52.19349410277777,-117.25455754722223,2146.2185,21.23889,65,2019,-426700.894
52.19351485277778,-117.25461698055555,2146.1451,21.23750,65,2019,-421717.894
52.19353739999999,-117.25467523055556,2146.2758,21.23611,65,2019,-416738.089
52.19356388611111,-117.25473134444445,2146.2526,21.23472,65,2019,-411756.386
52.193587227777776,-117.25478044722222,2146.3263,21.23333,65,2019,-406772.456
52.193611755555544,-117.25484179166666,2146.3468,21.23194,65,2019,-401786.779
52.19363756388888,-117.25490195277779,2146.2838,21.23056,65,2019,-396800.494
52.19366186666666,-117.25495691388889,2146.3075,21.22917,65,2019,-391813.579
52.19368767499999,-117.255020675,2146.3208,21.22778,65,2019,-386825.991
52.19371363888888,-117.25508424999995,2146.4532,21.22639,65,2019,-381838.446
52.19374049999999,-117.25514497222223,2146.4922,21.22500,65,2019,-376851.356
52.193765227777774,-117.25521054166663,2146.5451,21.22361,65,2019,-371864.326
52.19379220833332,-117.25526482222223,2146.4771,21.22222,65,2019,-366876.865
52.19381837222221,-117.25532191388888,2146.475,21.22083,65,2019,-361888.718
52.19384508055555,-117.25538054166665,2146.7355,21.21944,65,2019,-356898.768
52.19386960833332,-117.25543923888887,2146.8062,21.21806,65,2019,-351905.616
52.19389145833333,-117.25549458333333,2146.6211,21.21667,65,2019,-346912.823
52.19391616666666,-117.25555074722224,2146.6883,21.21528,65,2019,-341922.920
52.19393963888888,-117.25560415,2146.6527,21.21389,65,2019,-336934.848
52.193966305555556,-117.25565640555556,2146.6641,21.21250,65,2019,-331946.049
52.193989083333335,-117.25570587222221,2146.6347,21.21111,65,2019,-326956.966
52.19401533611111,-117.25576072499999,2146.7775,21.20972,65,2019,-321966.268
52.194035361111105,-117.25580768611111,2146.7815,21.20833,65,2019,-316975.388
52.194057416666666,-117.2558648222222,2146.903,21.20694,65,2019,-311982.461
52.1940799111111,-117.25592573611111,2146.9668,21.20556,65,2019,-306987.231
52.19410338333332,-117.255988875,2146.8869,21.20417,65,2019,-301992.141
52.19412464722221,-117.25605087777778,2146.9142,21.20278,65,2019,-296997.276
52.19414300277777,-117.25611088888891,2147.0012,21.20139,65,2019,-292002.149
52.1941637611111,-117.25617852777776,2147.121,21.20000,65,2019,-287007.524
52.19418065277777,-117.2562378916667,2147.1864,21.19861,65,2019,-282015.392
52.19424259444444,-117.25647903055554,2162.2153,21.12639,65,2019,-22106.914
52.1942422111111,-117.25647940277777,2162.3468,21.12361,65,2019,-12112.491
52.19124440277778,-117.2496941416667,2142.4154,20.82500,65,2019,82651.800
52.19124430555555,-117.24969420833334,2142.4255,20.82361,65,2019,87750.857
52.19124444166666,-117.24969416388889,2142.4943,20.82222,65,2019,92849.184
52.19124453611111,-117.24969459722222,2142.4764,20.82083,65,2019,97945.887
52.19124055833332,-117.24969278333333,2144.3813,20.81667,65,2019,113232.483
52.19124085277777,-117.24969336388887,2144.4317,20.81250,65,2019,128501.540
52.191240699999994,-117.2496929,2144.5116,20.81111,65,2019,133588.594
52.19126498055555,-117.25305968055554,2155.387,20.67361,65,2019,-361416.419
52.19128510277777,-117.25313303611111,2155.307,20.67222,65,2019,-356336.786
52.191302486111105,-117.25319710277778,2155.2731,20.67083,65,2019,-351259.170
52.191318205555554,-117.25326061944446,2155.3393,20.66944,65,2019,-346183.123
52.19133788333333,-117.25333150277778,2155.3855,20.66806,65,2019,-341107.758
52.19135806944444,-117.25340016111114,2155.2828,20.66667,65,2019,-336034.635
52.19138074999999,-117.25346669166669,2155.2008,20.66528,65,2019,-330963.659
52.191402180555556,-117.25353937777778,2155.197,20.66389,65,2019,-325892.706
52.191423066666665,-117.2536104027778,2155.3564,20.66250,65,2019,-320821.956
52.191436563888885,-117.25367465833335,2155.3131,20.66111,65,2019,-315750.095
52.19145914722222,-117.25374809444446,2155.3101,20.65972,65,2019,-310677.614
52.191476833333326,-117.25381290277778,2155.1998,20.65833,65,2019,-305606.972
52.191496644444435,-117.25387622222223,2155.1694,20.65694,65,2019,-300536.676
52.19226052777777,-117.25605491944444,2157.7328,20.60972,65,2019,-128166.216
52.19017690555555,-117.25208356666666,2165.3831,20.28889,65,2019,71420.517
52.190165224999994,-117.25202202222222,2165.1284,20.28750,65,2019,76811.897
52.19015680277777,-117.25196503333333,2164.8914,20.28611,65,2019,82204.262
52.1901502611111,-117.25190971111111,2164.6772,20.28472,65,2019,87597.089
52.19014304999999,-117.25185284722224,2164.4226,20.28333,65,2019,92990.577
52.19013618333333,-117.25178496111113,2164.3146,20.28194,65,2019,98385.253
52.19012717777777,-117.25171637222222,2164.1172,20.28056,65,2019,103780.484
52.190118799999986,-117.25164883888888,2163.887,20.27917,65,2019,109177.134
52.19010919722222,-117.25158380833335,2163.6948,20.27778,65,2019,114574.893
52.19010796666667,-117.25107372777778,2153.9391,20.25556,65,2019,201125.327
52.19010807777777,-117.25107358888887,2153.9717,20.25417,65,2019,206550.971
52.19010763055554,-117.251073275,2153.9524,20.25278,65,2019,211977.600
52.19010758888888,-117.25107326666665,2153.9625,20.25139,65,2019,217405.573
52.19010774999999,-117.25107283333332,2154.046,20.25000,65,2019,222835.081
52.19010765277777,-117.25107276111112,2154.042,20.24861,65,2019,228265.614
52.190107802777774,-117.25107395,2153.9462,20.24722,65,2019,233697.158
52.19010805277777,-117.25107416388893,2153.9574,20.24583,65,2019,239130.287
52.190107841666666,-117.25107362777776,2153.9821,20.24444,65,2019,244564.933
52.19010798333332,-117.25107392222222,2153.9367,20.24306,65,2019,250000.568
52.190107816666654,-117.25107364722221,2153.9557,20.24167,65,2019,255437.574
52.19010785555555,-117.25107344999999,2153.9998,20.24028,65,2019,260875.752
52.19010780833333,-117.25107331944443,2154.0351,20.23889,65,2019,266315.009
52.19010773611111,-117.25107316111114,2154.0141,20.23750,65,2019,271755.165
52.190107605555546,-117.25107245833335,2154.1124,20.23611,65,2019,277196.709
52.190107830555554,-117.2510734277778,2153.9864,20.23472,65,2019,282638.457
52.19010794999999,-117.25107376111112,2153.9597,20.23333,65,2019,288081.596
52.19010796666667,-117.25107323888889,2153.9871,20.23194,65,2019,293525.887
52.190107841666666,-117.25107256666666,2154.1075,20.23056,65,2019,298971.611
52.190107766666664,-117.25107377222223,2153.9358,20.22917,65,2019,304417.418
52.19010796944444,-117.25107373333333,2153.9359,20.22778,65,2019,309865.010
52.19010800277778,-117.25107377499998,2153.9442,20.22639,65,2019,315313.648
52.1901077,-117.25107404444447,2153.9143,20.22500,65,2019,320763.217
52.190107999999995,-117.25107354722223,2153.993,20.22361,65,2019,326214.115
52.190107827777766,-117.25107476666666,2153.866,20.22222,65,2019,331665.287
52.19010780555555,-117.25107465000002,2153.8421,20.22083,65,2019,337117.714
52.190107830555554,-117.25107411944443,2153.9105,20.21944,65,2019,342571.366
52.19010767222222,-117.25107421388891,2153.909,20.21806,65,2019,348025.842
52.19010768333332,-117.25107429166667,2153.8899,20.21667,65,2019,353481.318
52.19010774444444,-117.25107439166666,2153.8953,20.21528,65,2019,358937.851
52.19010772222221,-117.25107479444445,2153.8209,20.21389,65,2019,364395.228
52.19010771388888,-117.25107468055556,2153.8438,20.21250,65,2019,369853.905
52.190107658333325,-117.25107476944444,2153.8669,20.21111,65,2019,375313.624
52.190107577777766,-117.2510754,2153.7765,20.20972,65,2019,380774.065
52.19010755555554,-117.25107509999998,2153.8002,20.20833,65,2019,386236.059
52.1901076,-117.25107508888888,2153.8186,20.20694,65,2019,391699.389
52.190107636111115,-117.25107425833335,2153.8936,20.20556,65,2019,397164.179
52.190107475,-117.25107394722225,2153.9085,20.20417,65,2019,402630.158
52.190107605555546,-117.25107496666665,2153.8092,20.20278,65,2019,408097.352
52.190107575,-117.25107463611108,2153.8464,20.20139,65,2019,413566.852
52.19010769722222,-117.25107442222223,2153.906,20.20000,65,2019,419038.523
52.19010790555556,-117.25107416388893,2153.9431,20.19861,65,2019,424512.432
52.190107980555545,-117.25107444722221,2153.9412,20.19722,65,2019,429988.774
52.190107841666666,-117.25107455833333,2153.8772,20.19583,65,2019,435468.100
52.190108044444436,-117.25107511111109,2153.8469,20.19444,65,2019,440951.079
52.19010785833332,-117.25107463611108,2153.9242,20.19306,65,2019,446438.763
52.1901077611111,-117.25107475555555,2153.8886,20.19167,65,2019,451930.771
52.190107841666666,-117.25107453611109,2153.9045,20.19028,65,2019,457428.223
52.190107847222215,-117.25107463055552,2153.9221,20.18889,65,2019,462931.451
52.190107794444444,-117.25107466111109,2153.897,20.18750,65,2019,468440.892
52.190107658333325,-117.25107452222223,2153.9031,20.18611,65,2019,473956.834
52.19010773611111,-117.25107451111113,2153.9161,20.18472,65,2019,479478.283
52.19010815555554,-117.25107432499999,2154.0643,20.18333,65,2019,485004.763
52.189294352777765,-117.2514716611111,2156.853,20.14306,65,2019,-354478.139
52.189266338888885,-117.25154519444445,2157.249,20.14167,65,2019,-348930.872
52.18924751944444,-117.25161895555556,2157.6271,20.14028,65,2019,-343381.524
52.18923454444444,-117.25169592777777,2157.9144,20.13889,65,2019,-337831.220
52.18923970277778,-117.25182440000003,2158.7575,20.13611,65,2019,-326728.166
52.189259486111105,-117.25189061388889,2159.232,20.13472,65,2019,-321180.963
52.18928856666666,-117.25201584166666,2162.0314,20.13194,65,2019,-310089.890
52.18930432222221,-117.25206932499998,2162.6488,20.13056,65,2019,-304545.296
52.18930826388888,-117.25209423888887,2162.7247,20.12917,65,2019,-299000.851
52.18935433333333,-117.25224421666667,2160.9409,20.12500,65,2019,-282378.418
52.18937490277777,-117.2523150611111,2161.3811,20.12361,65,2019,-276837.642
52.189389549999994,-117.25241094722224,2161.5886,20.12222,65,2019,-271294.781
52.189409558333324,-117.2524844138889,2161.9302,20.12083,65,2019,-265753.534
52.189430602777776,-117.25257448611111,2162.1528,20.11944,65,2019,-260211.398
52.18945097222221,-117.25267463333334,2162.3694,20.11806,65,2019,-254666.988
52.189462905555544,-117.25274210833332,2162.394,20.11667,65,2019,-249121.661
52.18948082222222,-117.25281293888888,2162.4637,20.11528,65,2019,-243577.327
52.18949612222221,-117.25287781111113,2162.8159,20.11389,65,2019,-238030.537
52.18951670833333,-117.25295304444445,2162.6906,20.11250,65,2019,-232485.038
52.18954026388889,-117.25303464166669,2162.9465,20.11111,65,2019,-226941.009
52.189558372222216,-117.25311900277781,2163.1887,20.10972,65,2019,-221396.192
52.18958271388888,-117.25319495555557,2163.4059,20.10833,65,2019,-215852.337
52.18960544166666,-117.25327325555557,2163.5908,20.10694,65,2019,-210306.343
52.18962506666666,-117.25334923611113,2163.6726,20.10556,65,2019,-204758.608
52.189645602777766,-117.25342320833334,2163.7228,20.10417,65,2019,-199210.534
52.18966864166666,-117.25349885277777,2163.9398,20.10278,65,2019,-193661.126
52.18969063611111,-117.25356942777776,2164.2756,20.10139,65,2019,-188111.640
52.191794302777765,-117.25994869999998,2173.1402,19.85139,65,2019,-156644.437
52.19179565277777,-117.25994629722223,2172.7743,19.84861,65,2019,-144220.267
52.191795702777775,-117.25994591944446,2172.7918,19.84722,65,2019,-137989.547
52.19179532222221,-117.25994677777778,2172.8396,19.84583,65,2019,-131746.442
52.19179585833333,-117.25994615277777,2172.8001,19.84444,65,2019,-125491.041
52.191795941666655,-117.25994602777776,2172.8012,19.84306,65,2019,-119222.677
52.1917958111111,-117.25994611666667,2172.867,19.84167,65,2019,-112941.029
52.191795944444436,-117.25994638611112,2172.8134,19.84028,65,2019,-106646.322
52.19179632222222,-117.25994573055554,2172.8018,19.83889,65,2019,-100338.033
52.19179614444443,-117.25994608055557,2172.7997,19.83750,65,2019,-94015.871
52.1917967361111,-117.25994559722226,2172.7624,19.83611,65,2019,-87680.149
52.191796463888885,-117.25994574444445,2172.7921,19.83472,65,2019,-81330.086
52.191796688888886,-117.2599457638889,2172.7928,19.83194,65,2019,-68587.941
52.19179747222222,-117.25994510555556,2172.7979,19.83056,65,2019,-62196.038
